442,Cedar Avenue 202,1
1049,Laurel Drive 4110,2
1018,Williams Street 1075,8
665,Pleasant Street 3645,1
883,Pleasant Street 2965,4
519,Garfield Avenue 656,1
593,John Street 835,10
664,Orchard Avenue 2765,5
197,Clay Street 422,10
476,Williams Street 3445,2
251,Madison Avenue 139,9
516,Route 30 4375,10
699,River Street 3781,9
286,Laurel Drive 2916,6
860,Broad Street 2653,5
963,Rose Street 366,10
493,Avda. Pajaritos 5090,7
226,Atlantic Avenue 2281,5
443,Carlos Dittborn 300,8
1095,Front Street North 4989,7
414,Orchard Avenue 1593,6
1063,Laurel Lane 782,2
820,Windsor Drive 954,1
133,Heather Lane 2100,5
387,Court Street 2044,2
290,Atlantic Avenue 3142,10
458,Front Street North 3947,10
93,Route 30 245,1
623,Charles Street 2242,5
1028,Briarwood Drive 1977,2
829,Devon Court 2686,7
16,Hanover Court 4980,2
647,Franklin Court 1713,3
604,Broad Street 2166,3
10,King Street 2722,9
33,Briarwood Drive 3071,10
687,Cottage Street 2304,7
408,Fairway Drive 4281,3
548,Ann Street 2364,10
983,King Street 2216,4
199,Av. Tobalaba 117,1
755,Monroe Street 3881,8
926,Fairway Drive 4763,10
691,Summit Avenue 4735,2
849,Willow Avenue 653,8
365,Main Street 4571,8
263,Warren Avenue 295,1
890,Madison Avenue 3129,6
430,Ann Street 1084,5
794,John Street 2390,3
1059,Pleasant Street 1866,7
449,Willow Avenue 1545,2
884,Linden Avenue 4782,8
109,Route 1 3200,8
615,John Street 2805,10
921,Broad Street 4962,1
472,King Street 2313,7
852,Maiden Lane 1610,4
308,Atlantic Avenue 4105,7
182,Willow Avenue 4808,10
935,Route 1 4194,5
88,Main Street 3682,1
319,Highland Drive 3472,6
574,Ann Street 1662,4
46,Av. San Pablo 6190,9
819,Woodland Drive 4124,3
811,Jefferson Avenue 3085,2
738,Laurel Drive 738,4
788,Franklin Court 683,7
370,Country Club Road 4157,7
684,Broad Street 3091,10
589,Atlantic Avenue 2542,5
689,Willow Avenue 227,2
909,Arlington Avenue 1723,6
259,Pleasant Street 3100,4
981,Willow Avenue 3098,8
790,Cedar Avenue 3465,5
927,Highland Drive 267,1
842,Maiden Lane 3659,4
43,Cottage Street 2598,5
717,Grand Avenue 2550,10
82,Summit Avenue 3284,3
1035,Franklin Avenue 1555,10
569,Hanover Court 2373,9
302,Laurel Lane 4391,6
127,Cottage Street 3351,2
667,Jefferson Avenue 96,10
291,Laurel Drive 149,8
411,Andover Court 2409,9
685,Cottage Street 972,10
47,Madison Avenue 4519,4
525,Grand Avenue 3033,8
1012,Heather Lane 4899,8
1037,Route 1 4389,1
704,Laurel Lane 3441,4
35,Williams Street 3205,4
813,Ann Street 3281,5
413,Devon Court 3671,9
73,White Street 3347,8
1043,Pleasant Street 3890,4
194,Main Street 1289,9
310,Av. Nueva Providencia 2249,4
942,Warren Avenue 4381,4
1060,Av. Tobalaba 117,4
897,Clay Street 3287,10
129,Clay Street 2540,7
924,Hanover Court 3982,10
751,Front Street North 1244,5
241,Monroe Street 2206,2
229,Ann Street 4403,1
916,Clay Street 3512,9
838,Route 30 1493,8
313,River Street 4457,9
6,White Street 2449,10
344,Briarwood Drive 3263,9
953,Laurel Lane 3600,2
121,Highland Drive 3387,7
879,Essex Court 922,4
213,Court Street 2153,9
228,Devon Court 3201,2
986,Windsor Drive 369,9
988,Maiden Lane 4101,7
358,Front Street North 137,9
230,River Street 1089,9
752,Arlington Avenue 4835,5
920,Essex Court 103,5
483,Laurel Lane 3130,2
299,Cottage Street 2289,4
107,John Street 2613,7
1094,Grand Avenue 3479,6
898,Essex Court 2688,9
491,Grand Avenue 4437,9
874,Forest Street 2303,10
840,John Street 2141,8
195,Av. Departamental 1901,5
549,Orchard Avenue 2312,10
530,Av. Carlos Valdovinos 3346,1
1050,Main Street 2473,3
783,Summit Avenue 136,4
913,Clay Street 1685,9
812,Grand Avenue 50,8
8,Cedar Lane 2100,5
94,River Street 604,9
304,Monroe Street 4619,1
410,Atlantic Avenue 1956,2
135,Charles Street 3434,6
835,Fairway Drive 3619,2
1009,Compañía de Jesús N°1625,1
828,Briarwood Drive 1882,10
89,Highland Drive 4146,5
148,Laurel Drive 3088,10
831,Woodland Drive 116,6
173,Franklin Court 3949,3
1080,Laurel Drive 1156,3
393,Cedar Avenue 3394,4
52,Warren Avenue 654,10
821,Olive Street 2740,9
415,Cedar Avenue 85,9
670,Forest Street 657,9
416,River Street 3285,5
85,Route 30 4066,1
20,Martín de Solier 4598,2
546,Warren Avenue 4549,9
1097,Av. Vicuña Mackenna 2601,10
134,Andover Court 4045,1
923,Main Street 4574,3
566,Eliodoro Yañez 2987,4
359,Atlantic Avenue 4489,5
605,Arlington Avenue 2379,10
542,Garfield Avenue 2452,8
489,Front Street North 392,7
518,Olive Street 4288,3
261,Av. Ricardo Cumming 502,9
183,Cedar Lane 561,8
314,Cottage Street 2707,1
954,Route 30 2584,6
769,Hanover Court 3048,3
293,Franklin Avenue 1160,9
899,Fairway Drive 1668,6
339,White Street 2184,7
786,Hanover Court 4193,2
877,Summit Avenue 2305,3
162,River Street 1264,6
826,Garfield Avenue 2780,2
656,Orchard Avenue 3302,8
249,Essex Court 2441,5
1007,Avda. Laguna Sur 7297,3
169,Heather Lane 4463,5
791,Willow Avenue 2184,8
475,Arlington Avenue 2908,9
736,Arlington Avenue 325,2
388,Francisco Bilbao 3785,9
482,Essex Court 773,1
124,Maiden Lane 1986,8
14,King Street 2468,8
764,Olive Street 4663,4
1029,Country Club Road 4802,2
512,Atlantic Avenue 4686,1
65,Monroe Street 2011,7
375,Andover Court 3651,8
147,Ann Street 3244,7
775,Ann Street 1441,6
973,Woodland Drive 2006,6
872,Summit Avenue 3409,7
865,Arlington Avenue 648,4
168,Main Street 115,10
602,Monroe Street 3763,9
383,Franklin Avenue 4036,5
106,Essex Court 1867,1
553,Arlington Avenue 831,9
235,Highland Drive 4991,6
528,Laurel Lane 4602,1
1023,Willow Avenue 2919,7
298,Grand Avenue 2112,10
657,Court Street 1293,7
563,Olive Street 652,7
721,Front Street North 4784,10
136,Monroe Street 3788,10
132,Laurel Lane 4090,10
740,Main Street 2068,4
768,Heather Lane 4365,3
749,Franklin Court 3590,8
710,Orchard Avenue 4853,9
477,Maiden Lane 152,2
785,Cottage Street 80,4
390,Atlantic Avenue 2932,7
709,Route 1 2027,7
795,Woodland Drive 59,7
407,Linden Avenue 4803,8
1019,Franklin Court 1506,5
697,Franklin Avenue 4126,7
731,Windsor Drive 2400,5
1091,Atlantic Avenue 673,10
523,Country Club Road 2062,1
340,Olive Street 4525,5
974,Front Street North 2918,8
347,Willow Avenue 4570,4
1032,Windsor Drive 3637,5
480,Garfield Avenue 3840,8
188,Monroe Street 799,6
770,King Street 2163,2
237,Summit Avenue 628,10
878,River Street 1280,8
30,River Street 1195,4
646,Laurel Lane 2040,10
165,Pleasant Street 336,6
391,Grand Avenue 1516,1
371,Clay Street 227,10
945,Court Street 1878,5
873,Woodland Drive 4220,1
62,Grand Avenue 3236,4
457,Cottage Street 3812,10
294,Country Club Road 4834,3
312,Willow Avenue 483,5
412,Charles Street 1899,2
300,Woodland Drive 59,9
1051,Avda. Americo Vespucio 1775,4
853,Franklin Court 4846,4
334,River Street 2083,9
943,Warren Avenue 4844,4
360,Clay Street 2767,1
844,Orchard Avenue 3018,6
231,Jefferson Avenue 4092,9
345,Broad Street 1655,5
276,Clay Street 750,9
1078,Andover Court 649,4
254,Highland Drive 4013,8
1067,Front Street North 361,3
122,Andover Court 647,2
892,Laurel Lane 2704,6
1065,Hanover Court 330,7
594,Arlington Avenue 4972,10
417,Av. Irarrazaval 351,7
644,Route 1 1200,3
421,Grand Avenue 1516,8
57,Broad Street 3096,3
301,Orchard Avenue 3603,5
600,John Street 2589,8
81,Heather Lane 4358,5
151,King Street 3890,8
746,Woodland Drive 3484,2
434,Orchard Avenue 4597,9
440,Av. General Rondizzoni 1650,4
217,Laurel Drive 3282,9
141,Madison Avenue 3001,6
997,Rose Street 1877,1
336,Route 1 4790,8
200,Gran Avenida José Miguel Carrera 8870,9
409,Ann Street 2519,6
400,Essex Court 2701,4
490,Maiden Lane 3658,5
499,Route 30 2227,7
513,Av. Providencia 011,1
947,Maiden Lane 2048,10
209,Essex Court 2503,6
708,Orchard Avenue 2077,7
240,River Street 737,7
896,Heather Lane 3873,9
436,Willow Avenue 2640,9
719,King Street 3130,6
172,Crescent Street 4607,1
583,King Street 1142,9
206,Devon Court 3528,1
68,John Street 2804,9
782,Arlington Avenue 876,2
641,Devon Court 2571,1
814,Main Street 1892,6
144,Monroe Street 837,1
112,John Street 3064,7
211,Route 1 2885,8
581,Cedar Lane 3237,5
7,Rose Street 801,10
216,Court Street 3757,1
624,River Street 682,5
114,Charles Street 2276,5
140,Clay Street 2957,7
67,Atlantic Avenue 3657,5
1038,Pleasant Street 807,3
316,Orchard Avenue 376,3
1031,Front Street North 1593,10
116,Av. Libertador Bernardo O`Higgins 1774,2
297,Hanover Court 967,5
885,Charles Street 158,1
744,Crescent Street 1818,1
44,River Street 3210,1
949,Garfield Avenue 2563,4
139,Rose Street 2454,2
455,River Street 3296,10
642,Garfield Avenue 1232,9
587,Devon Court 267,3
707,River Street 3581,9
784,Cedar Avenue 226,6
598,Highland Drive 4538,3
364,Court Street 2180,5
702,Garfield Avenue 4720,4
77,Hanover Court 4370,1
993,Heather Lane 4128,2
547,Catedral 1512,1
965,Clay Street 4224,7
550,Grand Avenue 2551,10
1021,Willow Avenue 1302,1
616,Williams Street 661,9
49,Av. Santa Rosa 8914,10
5,Laurel Lane 3292,3
891,Atlantic Avenue 2497,10
215,Franklin Avenue 4601,6
103,Route 30 1592,7
284,Warren Avenue 4563,2
532,Laurel Lane 2512,9
925,King Street 652,4
681,Willow Avenue 421,1
653,Highland Drive 3424,1
599,Madison Avenue 768,4
341,King Street 3741,2
515,Devon Court 537,3
540,Warren Avenue 2279,10
45,Country Club Road 4213,1
247,Country Club Road 1963,10
331,Route 1 2935,10
651,Franklin Avenue 1230,1
596,Ann Street 4222,9
951,Fairway Drive 823,9
1056,Linden Avenue 928,4
696,Grand Avenue 4477,6
329,Main Street 1443,4
502,Jefferson Avenue 1493,2
150,Olive Street 3043,3
805,Franklin Court 2990,9
269,Arlington Avenue 4121,8
527,Jefferson Avenue 3467,2
466,Briarwood Drive 1647,3
871,Willow Avenue 4120,2
797,Heather Lane 844,2
507,Williams Street 4341,3
825,Arlington Avenue 3914,10
882,Charles Street 3109,8
272,Summit Avenue 226,3
55,Cedar Avenue 2199,5
281,John Street 3146,9
143,Arlington Avenue 268,5
1096,Warren Avenue 213,7
196,White Street 2213,2
234,Crescent Street 4239,6
869,Broad Street 4726,4
258,Highland Drive 278,8
71,Rose Street 4552,5
273,Maiden Lane 4538,10
1,Devon Court 3282,3
267,Clay Street 3322,8
655,Cedar Avenue 1075,1
991,Ignacio Carrera Pinto altura 661,4
763,Linden Avenue 136,9
190,Woodland Drive 3915,7
406,Jefferson Avenue 3432,3
557,Madison Avenue 230,9
619,Maiden Lane 3734,2
376,Laurel Lane 3861,5
398,General Mackenna 1100,6
715,Linden Avenue 2525,8
1057,Pleasant Street 141,2
622,Av. San Pablo 6190,1
757,Route 30 1523,7
146,Mosqueto 515,5
1000,Atlantic Avenue 2974,4
750,Orchard Avenue 2674,8
609,Rose Street 669,3
802,Ann Street 600,10
494,Jefferson Avenue 495,1
451,Andover Court 3074,8
734,Clay Street 895,7
95,Arlington Avenue 1366,3
686,Hanover Court 2200,10
830,Maiden Lane 4448,9
12,Crescent Street 1425,5
859,Route 30 3987,1
352,Devon Court 2680,8
937,Heather Lane 864,6
322,White Street 4278,8
1030,Front Street North 2761,5
96,Devon Court 3672,2
343,Jefferson Avenue 3742,3
510,Broad Street 1832,5
931,Olive Street 2061,8
1017,Orchard Avenue 3645,4
990,Willow Avenue 1409,1
1041,Willow Avenue 4071,10
450,River Street 497,3
537,Grand Avenue 309,2
901,Fairway Drive 888,3
356,Devon Court 2297,5
970,Cedar Lane 3033,5
556,Williams Street 3024,7
968,Front Street North 2203,1
1066,Ann Street 2086,10
86,Jefferson Avenue 3041,9
728,Cottage Street 3751,2
688,Williams Street 3223,9
233,Av. Grecia 2298,4
625,Franklin Court 4591,2
1064,Country Club Road 2692,8
690,King Street 3020,1
361,Garfield Avenue 2017,2
539,Cedar Avenue 532,4
834,Cedar Lane 1937,8
582,White Street 834,5
894,Fairway Drive 477,1
1085,Andover Court 4646,3
700,Clay Street 4751,9
157,Summit Avenue 3326,2
160,Avda. Concha y Toro 3999,3
285,Crescent Street 822,5
535,Devon Court 486,10
741,Clay Street 4552,10
191,Linden Avenue 1271,10
1077,Franklin Court 3640,9
75,Madison Avenue 977,8
911,Court Street 2690,10
1086,Clay Street 2044,7
404,Warren Avenue 307,1
774,Country Club Road 3172,4
318,Williams Street 2395,1
295,King Street 2448,5
145,River Street 4818,9
980,Andover Court 3234,1
904,Clay Street 835,4
366,Court Street 4965,10
125,Cedar Lane 71,7
658,Broad Street 787,2
4,Hanover Court 3979,7
395,John Street 4672,2
522,Broad Street 987,1
389,Laurel Drive 660,5
159,Monroe Street 4067,2
928,Main Street 992,1
579,Maiden Lane 704,3
1073,Francisco Bilbao 084,3
718,Windsor Drive 987,1
730,Andover Court 519,9
374,Laurel Drive 3156,5
713,Clay Street 3178,6
918,Grand Avenue 935,9
37,Cottage Street 2329,5
154,Fairway Drive 2033,1
590,Willow Avenue 2535,9
36,Woodland Drive 3560,6
850,Av. Providencia 1880,3
680,Warren Avenue 4339,1
638,Country Club Road 890,10
76,Charles Street 1832,9
618,Maiden Lane 584,3
1006,Grand Avenue 3499,4
863,White Street 2134,4
524,Highland Drive 2965,3
321,Main Street 2560,3
198,Av. Gral. Bonilla 8220,7
555,Av. Apoquindo 7095,1
695,Main Street 214,1
218,Front Street North 2994,7
606,River Street 2143,7
448,Rose Street 2406,2
833,Grand Avenue 2684,10
867,Crescent Street 1459,9
72,Grand Avenue 2209,8
934,Highland Drive 2749,5
745,Franklin Avenue 2768,1
153,Grand Avenue 1522,7
1002,Essex Court 1146,5
967,Route 30 740,6
1087,Andover Court 4184,3
24,Route 30 3391,9
857,Av. Pajaritos 1921,3
521,Jefferson Avenue 540,10
668,White Street 3589,7
246,Laurel Lane 1405,2
543,Crescent Street 4981,1
39,Heather Lane 2758,10
181,Monroe Street 1385,1
399,Cottage Street 2531,7
379,Charles Street 4929,9
382,Clay Street 2293,5
675,Franklin Avenue 2101,7
380,Andover Court 1355,9
780,Route 1 3173,6
452,Forest Street 3040,10
224,Crescent Street 3505,9
652,Essex Court 1003,1
767,Cottage Street 4941,6
578,Franklin Avenue 2321,4
84,Fairway Drive 4660,2
955,Willow Avenue 4552,8
238,Av. Irarrázaval 2461,1
487,Hanover Court 545,4
208,Front Street North 632,10
841,Laurel Drive 1290,7
880,River Street 3553,5
161,Cottage Street 2258,1
1044,White Street 1153,4
914,Laurel Lane 3419,5
1089,Warren Avenue 3568,3
381,Warren Avenue 146,5
567,Crescent Street 3697,7
816,Charles Street 1777,6
868,Front Street North 4654,4
648,Main Street 2736,5
184,Highland Drive 886,6
735,Orchard Avenue 87,5
995,Fairway Drive 1802,8
633,River Street 4089,2
378,Franklin Court 1511,9
287,Grand Avenue 1962,3
985,Nataniel Cox 2370,5
70,Main Street 207,7
239,Av. Neptuno Oriente frente al 260,3
592,Orchard Avenue 1902,4
174,John Street 2386,9
325,Summit Avenue 3228,8
351,Andover Court 3454,2
177,Windsor Drive 1335,2
1088,Route 1 3950,10
97,Broad Street 295,9
672,Devon Court 627,10
984,Monroe Street 4223,6
264,Laurel Lane 2035,4
256,Woodland Drive 2515,6
959,King Street 4077,4
958,Williams Street 4489,8
541,Av. Teniente Cruz 800,10
394,Linden Avenue 2662,9
1039,Andover Court 3456,6
333,Las Bellotas 200,8
131,Charles Street 983,2
683,Madison Avenue 1078,2
373,Heather Lane 1991,8
117,Linden Avenue 2922,7
645,Hanover Court 264,2
368,White Street 2317,3
628,Rose Street 1162,6
401,River Street 746,6
960,Highland Drive 528,1
428,Heather Lane 3233,9
54,Garfield Avenue 4144,8
807,Crescent Street 2472,6
727,Pleasant Street 2789,7
346,White Street 3799,1
560,Main Street 2504,7
271,Briarwood Drive 3577,6
203,Devon Court 2205,3
773,Rose Street 3267,5
561,Av. Pedro de Valdivia 1664,3
848,Olive Street 4254,2
756,John Street 4986,7
956,Summit Avenue 787,6
765,Route 30 2876,9
544,Route 1 4882,9
110,Charles Street 1972,8
142,Clay Street 3319,3
79,Arlington Avenue 1291,7
40,Broad Street 1159,8
508,Windsor Drive 3581,10
888,Front Street North 1661,4
453,Front Street North 3343,4
250,Charles Street 3718,10
278,John Street 1387,9
504,Pleasant Street 3468,1
571,Hanover Court 4550,1
978,Court Street 3186,4
772,Monroe Street 4209,5
576,Pleasant Street 4994,4
1052,Av. Einstein 601,10
777,Franklin Avenue 1230,7
357,Clay Street 2428,9
51,Ann Street 3299,4
847,Highland Drive 4678,7
327,Olive Street 2800,4
1042,King Street 4035,1
433,Madison Avenue 4799,9
509,Main Street 1587,7
98,Woodland Drive 1518,6
186,Grand Avenue 2643,6
1084,Maiden Lane 3379,3
384,Cedar Lane 347,2
739,Atlantic Avenue 1529,8
1004,Crescent Street 3591,3
315,Laurel Lane 2762,5
1027,Rose Street 924,7
957,Garfield Avenue 1770,3
486,Front Street North 2520,6
796,Briarwood Drive 3062,10
119,Heather Lane 619,5
977,Charles Street 4122,5
771,River Street 902,10
1069,Ann Street 3644,7
185,Charles Street 2796,5
839,Pleasant Street 4545,9
201,Clay Street 1372,7
83,Route 30 786,7
545,King Street 3801,1
663,Front Street North 4949,5
289,Fairway Drive 3925,2
962,Madison Avenue 4442,4
1047,Atlantic Avenue 4346,10
445,Ann Street 2635,4
851,Forest Street 4314,10
806,Highland Drive 4574,9
431,Arlington Avenue 109,6
372,Main Street 2485,10
15,Fairway Drive 1345,6
966,Monroe Street 3116,3
1092,John Street 4343,6
1005,Fairway Drive 150,8
938,Andover Court 1949,2
270,Monroe Street 1078,6
511,Grand Avenue 4640,10
759,Forest Street 2493,1
712,Country Club Road 3557,10
1025,Warren Avenue 2906,7
460,Cedar Lane 315,1
138,King Street 1025,8
724,Briarwood Drive 2036,5
99,Maiden Lane 3721,7
212,Windsor Drive 527,10
324,Rose Street 3186,6
166,River Street 3120,2
810,Crescent Street 2430,4
28,Heather Lane 1747,5
932,Orchard Avenue 382,9
586,Route 30 3527,4
824,Atlantic Avenue 2423,9
533,John Street 4729,2
676,Maiden Lane 441,7
1061,River Street 1261,7
317,Orchard Avenue 3076,4
906,Clay Street 2633,4
650,Pleasant Street 665,5
423,Forest Street 2220,2
930,Hanover Court 630,4
56,Olive Street 3781,9
534,Charles Street 4082,9
526,Highland Drive 4325,3
631,Franklin Avenue 2144,3
907,Madison Avenue 467,7
149,Grand Avenue 4767,8
808,Maiden Lane 4676,8
703,Rose Street 4188,9
118,Court Street 3348,7
659,Grand Avenue 1541,6
435,Cedar Lane 4637,7
485,Williams Street 2863,3
822,Monroe Street 4744,10
1053,Route 1 474,7
621,Woodland Drive 3706,9
353,Jefferson Avenue 3341,9
799,Charles Street 3906,3
964,Warren Avenue 4290,7
108,Warren Avenue 2893,4
252,Warren Avenue 1987,7
348,Devon Court 4768,2
870,Laurel Drive 4275,4
827,King Street 3002,7
53,Front Street North 2093,3
275,Crescent Street 108,9
803,Cottage Street 3755,1
386,Windsor Drive 2846,7
429,Orchard Avenue 2495,9
1068,Briarwood Drive 1206,4
465,Devon Court 1840,3
762,Pleasant Street 2522,10
328,Atlantic Avenue 2134,3
992,Franklin Avenue 306,5
204,Franklin Avenue 2649,4
1036,Country Club Road 1435,2
862,Essex Court 2542,1
220,Av. Recoleta 1502,9
471,Maiden Lane 3377,2
130,Av. Santa Rosa 2374,5
48,Pleasant Street 3809,7
817,Summit Avenue 2923,2
262,Laurel Lane 185,3
950,Franklin Court 4082,2
23,Broad Street 2167,7
517,Olive Street 2656,1
163,Monroe Street 722,7
354,Essex Court 4795,1
214,Arlington Avenue 2472,4
876,Main Street 1737,10
698,Willow Avenue 2889,8
903,Summit Avenue 1816,9
277,Clay Street 871,2
441,River Street 2787,3
902,Linden Avenue 3931,1
419,Essex Court 417,10
337,Pleasant Street 3593,9
711,Main Street 3605,8
678,River Street 4789,3
778,21 de Mayo 543,6
908,Rose Street 3150,10
330,Highland Drive 4637,5
115,Toesca 1635,2
26,Windsor Drive 4262,4
845,Court Street 2099,3
585,Laurel Drive 3276,3
781,Williams Street 317,9
779,Court Street 3427,6
572,Maiden Lane 2307,3
693,Jefferson Avenue 4153,6
674,Monroe Street 4545,7
496,Madison Avenue 4835,8
568,Heather Lane 1013,3
858,Heather Lane 3389,3
603,John Street 1113,5
846,Briarwood Drive 4516,2
355,Madison Avenue 70,4
473,Charles Street 2971,7
558,Hanover Court 978,7
18,King Street 1466,1
32,Orchard Avenue 1304,8
798,Court Street 782,9
462,Andover Court 2810,5
662,King Street 482,10
972,Highland Drive 1326,1
660,Ann Street 389,2
288,Charles Street 2985,8
484,Windsor Drive 2832,4
1090,Fairway Drive 621,2
564,Charles Street 4347,9
155,Broad Street 1315,4
742,Summit Avenue 1949,2
422,Fairway Drive 3306,10
305,Fairway Drive 4222,1
998,Main Street 2199,2
495,Route 1 443,5
192,Court Street 632,2
737,Atlantic Avenue 4736,5
669,Country Club Road 4784,8
31,White Street 744,9
1003,Route 1 494,8
743,John Street 2411,9
979,Fairway Drive 4602,4
729,Franklin Avenue 3200,9
694,Atlantic Avenue 2163,8
1048,Linden Avenue 264,7
432,Ann Street 829,7
971,Franklin Avenue 4485,3
280,Ann Street 3226,5
559,John Street 1867,4
363,Forest Street 2768,10
611,Atlantic Avenue 3689,1
0,Arlington Avenue 4373,7
19,Broad Street 4276,4
969,Grand Avenue 4148,10
577,Franklin Court 3064,8
27,White Street 1207,6
64,Windsor Drive 415,4
792,Broad Street 3821,7
881,Grand Avenue 588,3
800,Clay Street 837,7
961,Laurel Drive 1549,3
701,Maiden Lane 1583,5
804,Route 1 3522,5
506,Franklin Avenue 4858,2
223,Country Club Road 841,6
639,Willow Avenue 1246,4
939,Willow Avenue 4910,6
946,Rose Street 4095,1
836,Andover Court 4388,9
307,Charles Street 1602,2
649,Franklin Court 1370,2
705,John Street 1789,7
952,White Street 2547,1
661,Highland Drive 1885,2
488,Forest Street 384,3
640,King Street 3451,8
818,Atlantic Avenue 1980,4
260,Cedar Lane 3546,7
754,White Street 2344,8
1074,Warren Avenue 4898,7
732,Hanover Court 1001,3
164,Grand Avenue 934,8
60,Hanover Court 2620,3
397,Atlantic Avenue 3806,2
179,White Street 4315,4
610,Charles Street 2233,1
500,Cedar Lane 3035,6
861,Route 30 4341,10
392,Essex Court 3391,2
105,Briarwood Drive 3382,4
320,Linden Avenue 4404,8
554,Av. Recoleta 3202,8
207,Clay Street 818,6
34,Broad Street 1869,5
418,Franklin Avenue 1401,10
501,Gran Avenida José Miguel Carrera 8870,10
113,Franklin Court 3459,8
350,Rose Street 4896,1
761,White Street 343,9
864,Orchard Avenue 886,9
303,Broad Street 3333,9
565,Andover Court 3766,1
1075,Monroe Street 1071,3
461,Court Street 3062,10
758,Orchard Avenue 1202,9
837,Front Street North 185,6
342,Cedar Avenue 4441,8
474,Briarwood Drive 780,5
219,John Street 2441,1
61,Pleasant Street 2089,5
637,Franklin Court 514,2
1046,Linden Avenue 2370,1
854,Clay Street 4486,1
255,Clay Street 4052,10
426,Broad Street 3797,6
311,Maiden Lane 1589,8
1020,Andover Court 4130,5
933,Willow Avenue 3865,4
536,Country Club Road 1654,1
671,Court Street 1927,10
999,Route 1 2187,3
766,Forest Street 4452,3
580,Andover Court 2023,1
591,Ann Street 589,4
171,Woodland Drive 1057,2
673,River Street 2804,5
1022,Charles Street 4581,2
175,Essex Court 4227,3
242,Olive Street 836,7
265,Arlington Avenue 668,5
349,Heather Lane 2710,3
268,Av. Apoquindo 8613,5
505,Heather Lane 1081,10
292,Olive Street 4150,6
100,Garfield Avenue 2603,10
481,Atlantic Avenue 3909,3
570,Franklin Avenue 3996,6
887,John Street 3104,1
2,Grand Avenue 4592,6
706,Woodland Drive 775,7
562,Cedar Lane 3545,8
613,Linden Avenue 1294,6
167,Crescent Street 1316,7
21,Front Street North 1357,9
446,Charles Street 1043,9
221,Linden Avenue 2619,2
720,Ann Street 640,4
635,Jefferson Avenue 1271,8
202,White Street 1015,6
13,Heather Lane 2561,10
520,Clay Street 134,1
104,Broad Street 2529,4
910,Woodland Drive 806,10
464,Williams Street 2650,4
253,Main Street 2640,1
905,Franklin Court 158,10
801,John Street 3479,2
722,Linden Avenue 2700,10
178,Williams Street 968,10
58,Crescent Street 3474,9
666,Orchard Avenue 447,10
1010,Broad Street 3922,9
170,Main Street 3792,1
789,Linden Avenue 3998,10
608,Hanover Court 4686,1
498,Main Street 3075,2
38,Maiden Lane 4811,1
152,Devon Court 1310,1
102,Williams Street 3510,1
17,Olive Street 75,6
809,Laurel Drive 4610,3
682,Ann Street 4310,3
120,Andover Court 1178,10
11,Laurel Drive 1854,2
248,Highland Drive 3514,6
915,Linden Avenue 98,8
101,Forest Street 2952,4
584,Grand Avenue 2077,9
29,Ann Street 3843,1
326,Madison Avenue 3309,10
529,Willow Avenue 4483,10
3,Essex Court 2913,1
227,Cedar Avenue 1037,6
25,Front Street North 3783,1
1014,Essex Court 3964,5
607,Essex Court 332,2
1013,Clay Street 4445,10
91,Route 30 67,1
396,Andover Court 2773,8
283,Front Street North 869,4
74,Windsor Drive 212,4
158,Atlantic Avenue 1604,3
726,Woodland Drive 3138,5
92,Woodland Drive 2853,1
266,Forest Street 230,8
439,Av. General Bonilla 5900,5
747,Av. Américo Vespucio Frente al 7340,5
1011,Front Street North 3262,1
210,Placer 1310,7
454,Franklin Avenue 980,8
1062,Fairway Drive 3306,3
643,Route 30 1184,3
994,Williams Street 3944,10
793,Madison Avenue 2422,7
447,Country Club Road 536,6
1081,Highland Drive 1213,3
875,Broad Street 4734,9
469,Linden Avenue 2658,3
424,White Street 860,7
912,Fairway Drive 3846,1
63,Clay Street 3396,10
595,Highland Drive 1008,6
425,Highland Drive 2701,10
128,Windsor Drive 670,8
236,Route 30 2378,1
575,Court Street 3925,2
948,Summit Avenue 3054,9
630,Crescent Street 2796,7
41,Maiden Lane 1464,1
855,Willow Avenue 794,5
629,King Street 4861,7
982,Essex Court 1606,8
403,Garfield Avenue 885,8
479,Woodland Drive 3918,4
692,Cedar Lane 904,10
137,Essex Court 4589,4
90,Route 1 874,10
257,White Street 590,10
497,Av. Vicuña Mackenna 7897,5
760,Olive Street 3114,2
748,Heather Lane 251,1
996,Heather Lane 2219,10
588,Briarwood Drive 4966,8
22,Summit Avenue 2151,5
634,Route 30 4475,5
723,Devon Court 1747,9
80,Woodland Drive 3788,1
470,Front Street North 2135,8
552,Forest Street 4752,8
405,John Street 4289,9
617,Rose Street 3548,1
551,Summit Avenue 3160,4
1055,Olive Street 3159,10
1024,Woodland Drive 4567,1
402,Country Club Road 4542,8
889,Clay Street 4849,10
437,Williams Street 652,4
514,Clay Street 250,5
459,Windsor Drive 1475,2
677,Heather Lane 490,7
438,Highland Drive 3737,8
893,Arlington Avenue 3422,1
531,Fairway Drive 4498,4
1054,Essex Court 565,7
244,Hanover Court 233,1
975,Linden Avenue 3536,8
627,Heather Lane 744,8
279,Country Club Road 3620,1
193,Ann Street 1799,8
78,Summit Avenue 1846,10
180,Pleasant Street 373,10
309,Route 1 2262,3
1076,Route 1 3510,10
377,River Street 4029,7
1045,Cedar Lane 4827,3
1071,Devon Court 1277,6
753,Williams Street 4508,1
296,Cottage Street 158,5
929,Laurel Lane 3889,4
9,King Street 4431,1
478,Laurel Drive 3477,7
362,Front Street North 1809,1
456,River Street 4882,5
1001,Cedar Avenue 2582,6
815,Forest Street 4107,9
274,Orchard Avenue 229,10
895,Route 1 3324,9
714,Court Street 1500,1
1070,Front Street North 3479,8
335,Hanover Court 4895,10
733,White Street 735,10
976,Summit Avenue 2386,9
1016,Av. Macul 6309,10
243,Woodland Drive 1189,3
987,Willow Avenue 1175,9
823,Willow Avenue 1859,8
59,Olive Street 3470,10
369,Grand Avenue 1748,10
601,Atlantic Avenue 565,9
936,Essex Court 2317,2
626,Crescent Street 1888,10
111,Briarwood Drive 878,3
306,Forest Street 2442,1
420,River Street 1019,8
503,Highland Drive 4275,9
843,Woodland Drive 2282,9
940,Laurel Lane 213,1
156,Olive Street 4029,9
776,Catedral 3336,9
1093,Briarwood Drive 4938,8
42,Warren Avenue 323,7
716,Clay Street 3713,10
69,Carlos Dittborn 733,9
1082,River Street 2176,3
597,Laurel Lane 384,3
176,Essex Court 2063,5
1033,Williams Street 2504,2
444,Hanover Court 4199,3
492,Crescent Street 4274,8
50,Summit Avenue 1417,7
1079,Av. Providencia 1337,5
222,Highland Drive 2644,1
245,John Street 2175,2
1008,Andover Court 4195,3
886,Highland Drive 1691,8
189,Grand Avenue 1590,1
1040,Laurel Drive 2803,5
1034,King Street 2579,1
123,Woodland Drive 3813,9
944,Devon Court 1001,10
332,Franklin Court 4817,10
1026,Essex Court 3042,4
620,Country Club Road 1660,8
919,Garfield Avenue 4106,2
856,River Street 4629,7
787,Atlantic Avenue 3425,1
1083,Woodland Drive 2729,3
1015,Av. Manuel Antonio Matta 1704,3
614,Cedar Lane 3337,7
832,Franklin Court 3534,9
232,Cottage Street 4390,3
463,Briarwood Drive 2832,1
654,Pleasant Street 863,10
989,Orchard Avenue 2596,2
468,Devon Court 3929,3
632,Linden Avenue 1131,5
467,Route 30 2029,4
282,Pleasant Street 4409,6
187,Rose Street 405,3
323,Fairway Drive 1177,8
385,Essex Court 2721,2
636,Atlantic Avenue 4905,7
427,Garfield Avenue 3781,6
917,Pleasant Street 227,6
900,Charles Street 981,2
922,Williams Street 2537,5
225,Willow Avenue 4908,2
66,Cedar Avenue 3816,2
126,Highland Drive 950,1
205,Arlington Avenue 4816,4
612,Briarwood Drive 4395,10
866,Cottage Street 1127,1
1072,King Street 4660,1
87,Route 1 3135,6
367,River Street 2671,8
725,Andover Court 1601,7
941,Ann Street 4048,10
679,Route 30 2754,7
338,Clay Street 576,9
1058,Linden Avenue 3864,6
573,Cottage Street 866,9
538,Country Club Road 730,8
