92,266,vehiculo de carga
34,99,auto
281,669,auto
1049,106,vehiculo de carga
183,612,moto
1360,484,no es necesaria
1457,42,auto
1512,161,auto
1351,357,no es necesaria
347,460,moto
428,142,auto
542,286,vehiculo de carga
854,576,auto
1558,579,auto
878,430,vehiculo de carga
185,286,auto
521,436,auto
1005,518,no es necesaria
3,616,moto
1489,345,auto
100,671,auto
699,441,auto
1031,573,auto
128,356,auto
1543,621,vehiculo de carga
581,546,auto
671,189,auto
249,302,auto
1516,169,no es necesaria
1401,110,moto
1275,715,auto
586,570,auto
420,95,moto
256,487,auto
152,396,vehiculo de carga
1152,183,auto
875,653,vehiculo de carga
512,104,auto
831,753,auto
113,679,auto
338,109,moto
310,382,auto
938,593,no es necesaria
636,741,auto
397,470,auto
933,116,moto
758,51,auto
1110,673,no es necesaria
520,34,moto
1527,676,auto
433,733,auto
73,344,auto
2,122,auto
355,576,vehiculo de carga
1524,478,auto
961,296,no es necesaria
156,158,auto
1550,38,vehiculo de carga
927,519,auto
408,51,auto
60,384,no es necesaria
211,705,moto
891,63,moto
1193,61,auto
980,615,moto
656,791,moto
439,463,no es necesaria
996,593,no es necesaria
794,314,auto
1398,642,auto
1503,798,auto
778,446,auto
1487,382,auto
1646,344,auto
102,394,moto
766,756,auto
863,628,moto
257,606,auto
646,97,vehiculo de carga
1017,646,vehiculo de carga
978,598,no es necesaria
1120,497,moto
123,664,auto
1653,490,auto
1230,118,auto
1421,86,auto
1221,86,moto
610,680,auto
241,36,no es necesaria
251,246,no es necesaria
1373,321,auto
1122,615,moto
860,802,auto
620,331,auto
4,84,no es necesaria
1587,472,moto
1092,240,moto
767,145,moto
40,103,vehiculo de carga
175,274,no es necesaria
641,315,no es necesaria
187,643,auto
559,67,moto
1253,154,auto
1342,548,auto
1165,664,moto
233,53,auto
1592,678,auto
394,254,auto
33,444,vehiculo de carga
1176,683,no es necesaria
827,523,auto
994,624,moto
220,409,no es necesaria
1334,697,vehiculo de carga
1181,351,auto
170,366,no es necesaria
242,643,auto
1201,815,vehiculo de carga
1538,737,auto
759,282,auto
501,396,moto
1121,216,moto
539,133,moto
772,683,auto
126,140,auto
1318,28,moto
39,758,moto
1559,61,no es necesaria
592,269,auto
600,93,vehiculo de carga
1336,441,vehiculo de carga
1638,342,no es necesaria
155,205,auto
229,131,auto
625,268,no es necesaria
404,761,auto
131,797,vehiculo de carga
631,452,vehiculo de carga
346,503,auto
1531,119,moto
776,475,no es necesaria
1125,220,no es necesaria
1484,593,no es necesaria
1375,810,auto
1240,183,auto
566,412,auto
317,251,auto
981,184,auto
1112,715,no es necesaria
273,415,vehiculo de carga
801,678,auto
287,38,moto
275,371,auto
1200,153,moto
1084,156,auto
1225,306,auto
1488,97,auto
869,380,auto
81,507,no es necesaria
719,639,auto
965,605,no es necesaria
952,282,no es necesaria
1451,25,auto
1650,605,auto
819,437,vehiculo de carga
1078,511,auto
1562,815,auto
368,205,moto
785,506,vehiculo de carga
683,227,auto
626,508,vehiculo de carga
467,720,auto
696,103,moto
15,34,auto
1037,567,auto
1394,640,auto
903,347,no es necesaria
460,773,auto
958,778,auto
163,676,auto
813,667,moto
904,445,moto
300,551,auto
1494,695,moto
873,712,auto
212,59,auto
466,137,no es necesaria
1440,555,auto
1641,187,vehiculo de carga
462,425,moto
594,33,no es necesaria
319,711,auto
143,524,moto
969,362,auto
1525,805,auto
861,332,auto
565,621,auto
157,619,vehiculo de carga
378,667,auto
838,509,auto
1555,157,vehiculo de carga
90,608,moto
914,718,auto
132,484,auto
1133,768,auto
223,154,vehiculo de carga
1402,757,moto
1430,671,vehiculo de carga
1249,641,vehiculo de carga
1507,799,auto
377,86,moto
1032,311,auto
1434,67,auto
1198,221,moto
761,467,moto
1059,128,no es necesaria
299,415,no es necesaria
1083,578,moto
438,778,auto
734,414,no es necesaria
1072,375,vehiculo de carga
253,390,auto
588,133,no es necesaria
1405,485,auto
697,161,auto
970,634,moto
1039,287,no es necesaria
153,24,auto
1124,12,moto
285,805,moto
456,247,moto
1420,52,auto
171,814,moto
800,89,moto
416,245,auto
139,517,auto
579,608,moto
165,351,moto
349,240,auto
1235,33,auto
1108,731,no es necesaria
796,699,auto
1065,132,moto
1301,657,moto
643,496,auto
1088,573,auto
876,435,moto
264,710,auto
768,142,auto
888,814,vehiculo de carga
910,624,auto
693,760,moto
327,210,moto
403,539,no es necesaria
176,283,no es necesaria
1372,592,no es necesaria
1314,357,moto
659,487,auto
1635,144,moto
320,415,moto
1323,242,auto
843,742,auto
763,390,moto
353,725,no es necesaria
834,657,moto
811,196,auto
392,760,moto
1184,99,moto
1310,291,auto
1422,464,no es necesaria
598,756,auto
708,505,moto
1433,67,no es necesaria
564,151,auto
664,800,no es necesaria
1216,563,vehiculo de carga
1423,291,moto
68,667,auto
192,86,auto
1404,744,vehiculo de carga
822,91,auto
518,388,no es necesaria
616,809,auto
1438,551,moto
1312,477,vehiculo de carga
988,328,vehiculo de carga
83,395,no es necesaria
122,269,auto
444,144,auto
289,15,no es necesaria
1026,363,no es necesaria
514,687,no es necesaria
1270,306,auto
517,631,auto
747,228,auto
1506,316,auto
259,514,moto
1409,416,no es necesaria
916,18,auto
1648,697,auto
685,753,moto
1087,783,auto
1067,42,auto
336,285,auto
508,628,vehiculo de carga
947,363,auto
1034,284,moto
1571,559,auto
1279,29,no es necesaria
1320,358,auto
340,562,auto
974,185,no es necesaria
948,520,auto
1605,224,auto
1580,177,auto
524,620,auto
632,44,no es necesaria
227,196,auto
1542,372,auto
1103,11,no es necesaria
1475,712,moto
1062,505,no es necesaria
1095,335,no es necesaria
1182,409,moto
883,823,no es necesaria
1490,415,auto
323,812,auto
1011,442,moto
381,790,auto
929,36,no es necesaria
828,559,auto
150,463,auto
179,102,vehiculo de carga
193,362,auto
1076,331,auto
1548,534,moto
711,123,auto
357,720,no es necesaria
396,274,no es necesaria
1186,792,auto
1258,392,auto
1010,614,vehiculo de carga
94,710,auto
908,137,auto
1432,300,no es necesaria
1161,84,auto
821,539,no es necesaria
921,463,moto
992,101,no es necesaria
623,346,no es necesaria
629,334,no es necesaria
679,809,vehiculo de carga
1090,384,auto
924,595,no es necesaria
1510,181,auto
534,507,auto
1139,103,auto
345,368,no es necesaria
1347,496,auto
630,590,auto
923,630,auto
975,645,no es necesaria
1045,32,vehiculo de carga
391,213,no es necesaria
86,115,auto
1461,772,auto
61,168,auto
1349,65,auto
279,694,no es necesaria
1056,369,auto
409,236,auto
504,564,auto
572,239,moto
1157,525,moto
1242,334,no es necesaria
222,663,no es necesaria
103,36,auto
1284,693,no es necesaria
507,259,auto
825,254,auto
823,678,auto
1583,270,vehiculo de carga
1632,185,no es necesaria
1027,455,auto
901,756,auto
7,21,auto
1018,412,moto
1478,391,moto
224,779,auto
451,402,auto
1604,422,auto
154,194,moto
1137,122,no es necesaria
474,73,moto
1220,207,auto
231,403,auto
502,682,vehiculo de carga
674,582,auto
265,592,auto
652,304,moto
833,524,auto
647,416,auto
1570,39,no es necesaria
596,672,no es necesaria
1387,803,no es necesaria
894,620,moto
1187,799,moto
731,816,moto
1117,172,moto
670,612,auto
702,798,vehiculo de carga
513,397,no es necesaria
427,556,vehiculo de carga
181,474,no es necesaria
135,485,auto
1600,689,vehiculo de carga
804,459,auto
494,446,auto
32,823,vehiculo de carga
756,248,no es necesaria
1388,653,moto
1385,539,no es necesaria
112,496,moto
1041,281,auto
677,567,no es necesaria
874,699,no es necesaria
50,273,no es necesaria
940,254,auto
864,205,moto
1246,644,auto
764,493,auto
1183,407,vehiculo de carga
1406,617,moto
1337,333,moto
578,609,auto
1154,115,auto
1369,465,auto
1474,125,auto
1602,655,no es necesaria
455,371,auto
230,315,no es necesaria
134,429,no es necesaria
137,96,vehiculo de carga
1380,601,moto
712,642,vehiculo de carga
840,584,auto
1415,483,no es necesaria
892,733,auto
28,289,moto
704,28,auto
790,809,auto
46,658,moto
1316,744,auto
681,149,auto
114,100,auto
1441,456,no es necesaria
406,316,auto
1578,691,no es necesaria
1407,336,no es necesaria
937,65,moto
237,631,auto
1174,23,no es necesaria
555,520,auto
898,72,moto
1649,530,auto
1030,632,auto
313,591,auto
1219,369,no es necesaria
84,24,auto
604,355,no es necesaria
166,435,moto
1149,520,auto
290,655,no es necesaria
1331,285,vehiculo de carga
976,733,vehiculo de carga
1002,625,vehiculo de carga
47,403,no es necesaria
1414,350,vehiculo de carga
414,328,auto
168,581,auto
1435,539,vehiculo de carga
252,365,auto
14,689,auto
475,160,auto
1094,490,auto
1518,804,no es necesaria
234,745,auto
954,466,no es necesaria
879,661,auto
190,126,auto
75,347,auto
1073,582,auto
1308,574,auto
245,173,no es necesaria
1147,116,auto
1164,686,auto
1254,114,no es necesaria
662,39,no es necesaria
390,818,moto
1408,12,no es necesaria
1411,106,moto
1114,516,moto
1307,474,auto
1459,264,auto
607,33,vehiculo de carga
111,677,auto
1444,268,moto
1597,336,no es necesaria
246,705,vehiculo de carga
1000,477,auto
141,425,vehiculo de carga
343,71,auto
411,379,moto
1499,36,auto
1259,611,moto
525,720,moto
370,463,auto
522,410,auto
675,0,vehiculo de carga
1341,276,no es necesaria
364,728,auto
105,554,vehiculo de carga
618,496,auto
322,577,no es necesaria
991,289,no es necesaria
774,630,auto
573,221,no es necesaria
95,266,auto
866,658,auto
865,820,auto
189,89,auto
926,763,no es necesaria
96,15,moto
930,582,moto
1528,776,moto
247,26,no es necesaria
201,706,no es necesaria
1529,716,moto
506,394,auto
732,217,auto
116,281,auto
654,584,vehiculo de carga
268,25,auto
373,167,vehiculo de carga
91,567,auto
158,595,auto
31,432,auto
1574,198,auto
380,603,moto
1271,240,auto
633,128,auto
1244,277,moto
1623,521,moto
306,58,vehiculo de carga
984,790,moto
1243,311,auto
48,785,auto
1403,167,no es necesaria
593,109,auto
308,646,vehiculo de carga
1173,296,moto
1205,432,moto
1141,652,auto
1194,372,vehiculo de carga
384,706,moto
956,693,moto
1256,797,auto
724,628,no es necesaria
606,344,auto
1485,377,vehiculo de carga
204,238,auto
477,288,no es necesaria
350,642,auto
851,383,no es necesaria
1192,366,auto
174,676,auto
715,275,moto
694,367,auto
1621,629,no es necesaria
1291,79,moto
718,682,auto
1591,141,no es necesaria
1544,429,no es necesaria
1123,384,moto
814,368,no es necesaria
583,42,no es necesaria
1085,459,auto
1066,104,moto
1299,531,auto
492,611,vehiculo de carga
214,486,auto
1399,780,moto
1448,551,vehiculo de carga
871,327,auto
983,537,moto
1150,84,auto
1593,772,moto
510,100,auto
532,804,moto
195,145,moto
739,219,auto
1536,345,auto
87,503,vehiculo de carga
577,464,moto
1601,749,no es necesaria
1346,575,auto
723,23,auto
1547,398,no es necesaria
1452,707,vehiculo de carga
666,475,vehiculo de carga
744,154,moto
1252,192,auto
1462,102,auto
71,0,moto
1064,345,auto
1317,156,auto
292,618,moto
1363,397,no es necesaria
1014,206,no es necesaria
1577,693,auto
1180,630,vehiculo de carga
286,199,auto
468,661,auto
676,55,auto
93,353,auto
638,601,auto
1564,332,auto
550,519,no es necesaria
1212,708,moto
417,792,moto
599,34,moto
1428,776,moto
1276,118,auto
387,332,auto
1096,479,no es necesaria
568,488,vehiculo de carga
425,329,no es necesaria
1534,157,moto
889,536,auto
1598,759,auto
359,332,vehiculo de carga
651,354,moto
412,633,vehiculo de carga
263,400,auto
716,306,auto
815,93,no es necesaria
1391,506,auto
1144,65,vehiculo de carga
703,495,moto
1107,14,no es necesaria
591,55,auto
11,467,moto
605,216,moto
818,464,auto
932,71,moto
922,395,auto
79,382,auto
13,644,vehiculo de carga
70,691,moto
1202,779,no es necesaria
191,353,auto
951,745,moto
1477,779,auto
1109,313,vehiculo de carga
160,220,auto
172,452,auto
563,559,auto
1247,96,no es necesaria
463,116,no es necesaria
1138,324,no es necesaria
138,124,no es necesaria
1486,67,moto
405,762,no es necesaria
1437,119,no es necesaria
356,534,auto
159,678,moto
267,156,no es necesaria
720,399,no es necesaria
1013,423,no es necesaria
1116,423,vehiculo de carga
120,82,auto
1333,119,auto
65,763,moto
361,397,vehiculo de carga
207,365,vehiculo de carga
337,553,moto
1476,458,auto
881,814,auto
51,93,vehiculo de carga
1589,600,vehiculo de carga
436,228,auto
1082,265,no es necesaria
1126,575,vehiculo de carga
1130,618,moto
962,168,auto
20,167,no es necesaria
816,485,no es necesaria
169,663,auto
458,377,auto
531,548,auto
206,744,auto
161,620,moto
1618,425,moto
982,25,auto
232,407,moto
221,189,moto
1419,550,moto
478,300,auto
1170,315,auto
307,248,auto
1040,37,no es necesaria
665,181,auto
1463,749,no es necesaria
118,475,moto
1526,424,auto
1306,317,auto
613,551,auto
389,430,moto
1234,705,no es necesaria
1439,437,moto
701,333,moto
10,813,moto
1199,243,moto
497,222,auto
277,794,auto
1396,130,auto
447,65,auto
1482,328,auto
710,803,auto
305,813,auto
684,577,no es necesaria
1274,264,moto
1343,575,no es necesaria
480,165,vehiculo de carga
1565,535,no es necesaria
614,683,moto
1075,187,auto
603,85,auto
1546,214,moto
1379,262,moto
1590,717,moto
12,309,no es necesaria
278,617,no es necesaria
1358,537,auto
841,14,auto
248,329,vehiculo de carga
985,20,auto
1362,116,auto
645,760,auto
1265,691,no es necesaria
1522,323,auto
379,723,no es necesaria
1557,336,no es necesaria
608,661,no es necesaria
402,458,vehiculo de carga
957,133,vehiculo de carga
1365,26,auto
590,793,auto
45,44,auto
523,448,vehiculo de carga
196,674,auto
1282,75,vehiculo de carga
429,738,auto
80,11,auto
147,598,no es necesaria
254,179,vehiculo de carga
446,379,no es necesaria
546,570,auto
1513,610,vehiculo de carga
294,531,auto
115,227,moto
395,318,auto
1514,534,no es necesaria
832,421,auto
1622,810,auto
442,213,moto
1226,53,auto
1195,381,auto
339,389,moto
544,99,no es necesaria
786,441,no es necesaria
1190,669,moto
1162,38,auto
1042,158,vehiculo de carga
1572,603,moto
917,253,auto
1634,82,auto
760,43,auto
369,1,auto
1469,20,auto
777,376,auto
1142,421,no es necesaria
1491,646,no es necesaria
635,619,auto
194,410,auto
657,4,vehiculo de carga
824,224,auto
1145,698,no es necesaria
735,224,vehiculo de carga
1229,220,moto
1535,55,auto
781,174,no es necesaria
1140,221,auto
52,625,auto
779,236,no es necesaria
809,654,auto
1378,756,moto
713,141,auto
689,222,moto
354,633,moto
1556,18,moto
893,276,moto
669,91,moto
1471,315,auto
1560,728,moto
1497,654,no es necesaria
1640,800,moto
479,385,vehiculo de carga
1356,734,no es necesaria
1159,546,vehiculo de carga
1209,404,auto
1483,694,moto
955,238,moto
1436,314,no es necesaria
850,12,moto
437,316,auto
1303,118,vehiculo de carga
750,731,auto
1389,707,no es necesaria
239,629,auto
485,378,auto
110,357,vehiculo de carga
536,614,auto
74,555,moto
690,123,vehiculo de carga
733,395,moto
1586,37,moto
837,787,vehiculo de carga
552,277,auto
69,358,auto
495,694,moto
1222,281,vehiculo de carga
1241,323,no es necesaria
1539,655,no es necesaria
473,708,moto
236,435,auto
1473,429,auto
295,177,auto
293,695,auto
360,502,auto
499,245,no es necesaria
680,582,moto
1189,575,moto
1311,335,moto
85,467,no es necesaria
107,184,auto
311,695,vehiculo de carga
1058,429,vehiculo de carga
1029,257,auto
321,276,vehiculo de carga
1115,780,auto
1549,466,auto
979,518,auto
535,512,moto
78,520,no es necesaria
587,376,no es necesaria
909,445,vehiculo de carga
576,129,auto
706,397,auto
1021,52,no es necesaria
812,689,vehiculo de carga
655,79,no es necesaria
1033,619,auto
180,442,no es necesaria
1322,381,moto
817,476,auto
556,270,no es necesaria
533,772,vehiculo de carga
1080,262,no es necesaria
1239,246,auto
1086,273,moto
386,192,auto
1016,665,moto
59,269,vehiculo de carga
1651,339,vehiculo de carga
1098,658,no es necesaria
1607,257,auto
1588,127,moto
144,365,no es necesaria
1236,812,moto
1620,191,moto
1251,206,no es necesaria
488,690,no es necesaria
1472,299,no es necesaria
1579,681,auto
1061,254,auto
142,416,moto
1250,757,auto
1573,595,no es necesaria
316,29,vehiculo de carga
867,95,auto
1077,477,auto
1009,49,auto
43,521,moto
1177,136,vehiculo de carga
1350,414,auto
1445,299,moto
935,706,auto
942,744,auto
262,361,vehiculo de carga
783,233,moto
545,704,vehiculo de carga
1545,718,no es necesaria
117,340,auto
17,383,no es necesaria
770,394,auto
1023,298,auto
784,302,no es necesaria
673,243,auto
1424,636,auto
911,378,auto
1460,790,auto
1376,741,no es necesaria
1627,579,vehiculo de carga
700,711,auto
457,372,auto
64,285,vehiculo de carga
897,258,vehiculo de carga
1326,660,vehiculo de carga
887,563,auto
1069,243,no es necesaria
1493,393,vehiculo de carga
493,459,auto
1594,584,moto
1599,645,auto
617,262,moto
1446,609,auto
885,399,auto
486,745,no es necesaria
1498,389,no es necesaria
407,233,auto
44,813,moto
55,168,moto
792,248,auto
1644,553,auto
1533,159,vehiculo de carga
1288,444,auto
757,554,auto
746,574,moto
173,362,auto
1629,479,auto
366,402,auto
972,40,no es necesaria
1631,793,auto
1377,140,no es necesaria
1081,316,no es necesaria
202,178,no es necesaria
215,299,moto
971,543,auto
1500,136,no es necesaria
371,3,auto
1266,350,auto
527,331,auto
1367,123,auto
243,422,auto
1267,388,auto
810,599,moto
1167,661,auto
503,416,auto
1046,654,no es necesaria
1568,142,moto
88,495,auto
773,564,moto
36,232,auto
1636,26,vehiculo de carga
228,818,auto
435,687,auto
225,693,no es necesaria
1008,410,moto
1100,392,auto
1208,600,vehiculo de carga
1468,82,no es necesaria
621,478,no es necesaria
1063,542,vehiculo de carga
1146,550,vehiculo de carga
1481,403,moto
1416,525,auto
465,230,auto
1492,456,no es necesaria
1261,554,auto
1338,653,auto
589,4,moto
296,777,auto
737,590,no es necesaria
558,618,auto
528,335,no es necesaria
1269,726,auto
745,6,vehiculo de carga
806,153,no es necesaria
953,654,moto
182,516,no es necesaria
612,557,no es necesaria
1215,810,no es necesaria
789,633,no es necesaria
464,759,auto
1397,448,auto
208,380,auto
541,785,auto
5,768,auto
108,777,no es necesaria
803,340,auto
848,430,vehiculo de carga
769,787,auto
1052,640,no es necesaria
374,125,vehiculo de carga
276,484,no es necesaria
560,515,no es necesaria
199,773,auto
640,157,no es necesaria
284,283,auto
1624,18,moto
1105,614,auto
23,728,no es necesaria
1281,462,moto
741,350,no es necesaria
967,495,moto
782,609,no es necesaria
906,407,vehiculo de carga
328,126,no es necesaria
1554,603,moto
177,173,auto
934,314,moto
1113,173,no es necesaria
795,602,auto
738,146,auto
1036,512,no es necesaria
1345,598,auto
1584,207,auto
692,472,auto
314,302,no es necesaria
1344,442,auto
452,410,vehiculo de carga
582,801,auto
376,704,no es necesaria
1530,701,auto
1321,101,auto
1119,737,no es necesaria
855,214,auto
829,555,moto
1260,291,auto
537,242,moto
1131,690,moto
27,652,auto
918,156,auto
999,655,auto
1153,273,auto
1585,602,moto
1561,20,no es necesaria
1393,238,moto
1608,32,vehiculo de carga
1089,517,moto
585,114,vehiculo de carga
1567,12,no es necesaria
698,797,auto
1102,602,auto
441,664,moto
89,235,auto
56,39,vehiculo de carga
1413,459,auto
886,537,auto
1332,497,auto
325,773,auto
628,736,auto
1619,531,auto
688,818,no es necesaria
1104,573,moto
1163,787,no es necesaria
198,709,auto
1354,115,no es necesaria
870,120,auto
1552,39,moto
269,347,no es necesaria
1071,664,auto
1575,470,moto
1210,153,auto
540,146,auto
1569,129,auto
1091,267,moto
309,391,auto
538,323,moto
1456,452,auto
453,526,moto
1168,151,no es necesaria
1264,339,auto
707,119,auto
830,63,auto
443,151,no es necesaria
240,634,vehiculo de carga
1626,205,no es necesaria
280,722,no es necesaria
687,199,auto
1609,518,auto
950,336,auto
1417,525,moto
986,342,vehiculo de carga
912,700,vehiculo de carga
973,488,auto
303,478,moto
1553,670,auto
839,8,no es necesaria
709,179,moto
743,358,auto
1218,289,vehiculo de carga
880,635,auto
1384,695,auto
146,296,auto
461,702,moto
1302,768,auto
99,400,moto
400,452,auto
1296,586,auto
925,586,auto
431,250,moto
729,550,auto
807,183,auto
949,720,no es necesaria
1630,757,auto
37,183,no es necesaria
283,287,auto
1196,411,auto
250,148,no es necesaria
1366,437,no es necesaria
421,762,vehiculo de carga
383,733,no es necesaria
6,350,moto
487,61,auto
844,692,auto
1633,75,auto
548,513,auto
1214,636,no es necesaria
401,445,vehiculo de carga
1359,167,auto
913,73,moto
330,791,no es necesaria
472,75,moto
797,369,no es necesaria
1268,523,moto
1106,169,moto
1479,165,auto
16,552,no es necesaria
298,692,moto
1043,227,auto
749,432,auto
21,479,auto
1093,602,moto
133,198,auto
1382,85,moto
18,327,vehiculo de carga
740,530,auto
491,200,moto
516,606,moto
42,670,moto
642,603,no es necesaria
1050,643,vehiculo de carga
8,414,auto
1175,240,auto
1505,159,vehiculo de carga
450,536,no es necesaria
1453,636,auto
302,552,auto
905,760,auto
341,460,no es necesaria
799,100,moto
1217,526,auto
1262,615,auto
990,710,vehiculo de carga
219,566,no es necesaria
1006,511,no es necesaria
82,200,auto
342,26,auto
1054,298,no es necesaria
1612,472,no es necesaria
22,376,auto
1563,444,no es necesaria
1224,392,moto
890,411,no es necesaria
714,217,auto
826,300,auto
1248,591,auto
1051,702,no es necesaria
496,25,auto
448,680,auto
77,172,vehiculo de carga
1185,291,vehiculo de carga
1287,200,vehiculo de carga
1257,115,no es necesaria
852,682,no es necesaria
1263,515,auto
216,128,no es necesaria
186,697,no es necesaria
931,703,vehiculo de carga
989,97,moto
399,414,no es necesaria
334,15,auto
551,378,no es necesaria
324,617,auto
1447,351,moto
440,425,auto
1228,591,no es necesaria
1309,118,vehiculo de carga
140,61,no es necesaria
1136,89,auto
422,287,auto
1213,578,no es necesaria
1442,159,vehiculo de carga
742,608,no es necesaria
398,436,auto
1426,671,moto
288,815,auto
736,700,auto
419,726,auto
547,395,auto
291,435,auto
1496,736,moto
1410,165,moto
845,791,moto
968,145,vehiculo de carga
553,612,no es necesaria
836,327,auto
1647,334,auto
791,802,auto
1515,612,auto
515,131,no es necesaria
348,683,auto
862,686,auto
1166,615,auto
682,267,auto
1315,709,auto
26,441,moto
1329,353,auto
1128,191,auto
1070,526,auto
498,631,auto
1207,761,vehiculo de carga
1285,110,auto
648,561,moto
805,389,auto
644,715,no es necesaria
1381,592,auto
148,149,auto
1305,741,moto
1335,697,no es necesaria
1060,562,no es necesaria
619,703,auto
726,354,auto
1048,126,auto
1020,404,auto
1582,368,auto
1610,811,auto
575,141,vehiculo de carga
1643,507,auto
1237,120,auto
615,584,moto
1156,313,auto
570,681,no es necesaria
1418,596,vehiculo de carga
856,455,vehiculo de carga
426,264,auto
1328,355,auto
661,542,no es necesaria
907,556,auto
1233,424,auto
271,536,moto
119,323,moto
998,725,auto
1541,243,auto
884,187,moto
1300,177,auto
490,737,auto
1353,674,auto
136,28,auto
415,557,auto
611,9,auto
1450,189,auto
1431,540,moto
418,127,vehiculo de carga
54,127,no es necesaria
727,442,vehiculo de carga
557,267,no es necesaria
19,577,no es necesaria
481,515,auto
1019,502,auto
1097,398,no es necesaria
1286,619,auto
1053,342,no es necesaria
255,327,no es necesaria
1454,705,auto
1508,728,no es necesaria
162,377,auto
509,689,auto
705,228,no es necesaria
1079,342,auto
200,712,no es necesaria
1576,230,auto
217,141,auto
1390,59,moto
266,479,no es necesaria
476,151,auto
434,722,auto
793,802,auto
668,543,vehiculo de carga
413,818,moto
1374,149,auto
609,104,auto
213,725,auto
1470,620,no es necesaria
1520,242,auto
1370,610,auto
482,783,moto
977,230,auto
672,363,auto
483,362,auto
580,731,moto
686,228,auto
1386,20,no es necesaria
1595,486,auto
98,185,auto
1616,672,moto
1603,236,no es necesaria
765,253,auto
1654,353,moto
1425,548,auto
1511,72,no es necesaria
151,566,auto
877,245,no es necesaria
543,556,no es necesaria
1368,579,moto
1540,476,no es necesaria
41,345,auto
939,813,auto
205,210,auto
1480,132,auto
1606,513,moto
1501,797,moto
1637,191,no es necesaria
282,632,auto
9,555,no es necesaria
301,23,auto
780,32,moto
1007,304,vehiculo de carga
238,329,auto
1625,128,no es necesaria
919,59,auto
454,351,auto
149,259,auto
1172,690,vehiculo de carga
529,160,auto
624,723,auto
1290,554,auto
1566,95,vehiculo de carga
430,367,moto
500,600,moto
649,645,no es necesaria
820,275,auto
872,378,moto
1532,618,auto
722,465,no es necesaria
312,14,no es necesaria
1611,178,auto
966,652,moto
58,635,moto
1171,259,no es necesaria
1294,9,no es necesaria
627,375,moto
754,508,vehiculo de carga
1581,257,auto
101,259,auto
1068,716,vehiculo de carga
1443,711,moto
995,578,moto
653,581,moto
351,671,auto
1289,33,auto
261,763,auto
1022,103,auto
1295,356,auto
1273,398,auto
470,512,auto
304,758,auto
484,608,auto
184,2,moto
753,546,auto
318,314,auto
1,91,auto
943,146,vehiculo de carga
597,458,auto
331,160,auto
1245,318,auto
959,99,auto
1355,681,auto
210,790,no es necesaria
857,718,no es necesaria
1223,96,auto
695,73,no es necesaria
260,514,vehiculo de carga
1272,534,auto
67,385,moto
459,702,moto
1327,629,no es necesaria
963,381,no es necesaria
1645,596,moto
899,289,no es necesaria
658,55,auto
1158,168,no es necesaria
1044,194,auto
1357,188,no es necesaria
1395,181,vehiculo de carga
197,385,auto
24,321,auto
1429,37,no es necesaria
1614,239,moto
915,560,auto
226,566,auto
1400,232,auto
1129,553,auto
49,318,auto
1015,606,auto
637,385,vehiculo de carga
1277,216,vehiculo de carga
567,230,no es necesaria
1455,736,auto
1127,484,auto
1458,679,no es necesaria
1537,635,auto
1203,154,no es necesaria
1280,811,no es necesaria
571,199,no es necesaria
1057,513,auto
1523,191,auto
1135,158,auto
424,216,moto
549,505,no es necesaria
270,598,no es necesaria
1551,247,auto
1319,614,auto
344,630,auto
76,455,auto
352,174,auto
895,777,auto
1304,423,auto
244,421,no es necesaria
329,488,moto
691,486,auto
896,794,vehiculo de carga
944,63,auto
993,518,no es necesaria
1155,324,no es necesaria
1204,734,moto
104,274,moto
66,486,auto
730,591,vehiculo de carga
410,23,no es necesaria
372,43,vehiculo de carga
1035,462,auto
569,253,no es necesaria
902,331,auto
365,403,auto
57,599,auto
941,273,no es necesaria
423,288,no es necesaria
858,276,no es necesaria
1313,270,no es necesaria
728,804,moto
511,601,auto
29,758,auto
1615,49,auto
1617,801,auto
775,595,moto
121,142,vehiculo de carga
315,58,moto
960,376,no es necesaria
63,535,moto
987,97,no es necesaria
1330,738,no es necesaria
1231,515,moto
997,304,vehiculo de carga
1001,424,moto
663,324,no es necesaria
717,222,moto
1495,502,moto
650,172,no es necesaria
445,702,vehiculo de carga
449,711,auto
62,93,no es necesaria
1642,493,auto
335,509,moto
1101,381,auto
900,736,moto
936,707,auto
1025,511,vehiculo de carga
755,701,auto
1427,698,no es necesaria
1024,513,moto
667,820,moto
802,104,auto
1012,372,vehiculo de carga
1297,816,moto
1038,699,vehiculo de carga
561,560,no es necesaria
639,309,moto
385,470,moto
526,474,no es necesaria
846,680,auto
1392,361,auto
859,396,moto
1111,95,vehiculo de carga
127,393,auto
562,823,moto
721,680,no es necesaria
1504,287,no es necesaria
808,483,auto
725,8,no es necesaria
771,188,auto
964,145,no es necesaria
554,635,moto
1596,2,no es necesaria
920,478,moto
1227,543,auto
1521,21,moto
1502,785,auto
274,460,auto
751,140,no es necesaria
752,137,auto
1383,181,auto
748,29,auto
332,220,auto
1134,483,auto
388,262,auto
1652,251,no es necesaria
1197,130,moto
1339,742,auto
1465,96,auto
1517,217,auto
97,40,auto
1292,133,auto
358,221,auto
203,109,auto
882,523,no es necesaria
333,21,auto
1232,497,vehiculo de carga
1143,300,no es necesaria
1191,187,auto
946,388,auto
762,548,no es necesaria
235,475,auto
1003,742,moto
1255,58,vehiculo de carga
1151,42,auto
1283,636,auto
469,799,auto
106,464,moto
124,568,auto
1361,246,auto
678,258,auto
35,525,auto
868,40,moto
622,172,vehiculo de carga
1004,639,auto
1055,109,auto
53,536,moto
129,335,auto
363,277,auto
1148,660,auto
1074,673,no es necesaria
471,798,vehiculo de carga
847,346,no es necesaria
164,298,auto
1519,641,auto
1464,761,auto
519,785,no es necesaria
178,803,moto
1348,0,auto
1047,624,moto
584,568,moto
167,265,moto
1340,144,no es necesaria
945,274,auto
362,357,no es necesaria
367,804,no es necesaria
1613,466,no es necesaria
1325,561,auto
853,275,moto
1178,657,no es necesaria
660,214,auto
1509,286,moto
209,639,auto
601,653,moto
382,58,no es necesaria
1449,523,vehiculo de carga
1628,652,auto
634,467,auto
432,574,auto
1099,483,auto
602,317,auto
30,540,no es necesaria
1352,192,no es necesaria
218,505,moto
1278,710,auto
130,120,vehiculo de carga
297,665,no es necesaria
1324,687,moto
1371,715,no es necesaria
928,235,auto
1364,553,no es necesaria
25,753,moto
798,124,auto
1028,707,moto
1293,692,auto
109,616,auto
258,219,moto
1298,803,moto
1179,506,moto
1466,91,moto
1188,717,moto
849,250,moto
1639,699,auto
835,559,auto
38,1,moto
842,148,auto
1211,677,auto
1467,466,vehiculo de carga
530,816,auto
1169,535,moto
393,576,no es necesaria
125,382,no es necesaria
505,474,auto
595,296,auto
787,324,auto
272,579,auto
1132,768,auto
1206,6,no es necesaria
1412,129,auto
145,3,auto
1160,794,auto
574,321,moto
1118,194,auto
375,75,no es necesaria
489,718,no es necesaria
326,601,no es necesaria
788,723,auto
72,3,auto
188,284,auto
1238,625,auto
